<?xml version="1.0"?>
<ns0:oval_definitions xmlns:ns0="http://oval.mitre.org/XMLSchema/oval-definitions-5" xmlns:ns2="http://oval.mitre.org/XMLSchema/oval-common-5" xmlns:ns3="http://oval.mitre.org/XMLSchema/oval-definitions-5#linux" xmlns:ns4="http://oval.mitre.org/XMLSchema/oval-definitions-5#unix" xmlns:ns5="http://oval.mitre.org/XMLSchema/oval-definitions-5#independent" xmlns:xsi="http://www.w3.org/2001/XMLSchema-instance" xsi:schemaLocation="http://oval.mitre.org/XMLSchema/oval-common-5 oval-common-schema.xsd         http://oval.mitre.org/XMLSchema/oval-definitions-5 oval-definitions-schema.xsd         http://oval.mitre.org/XMLSchema/oval-definitions-5#independent independent-definitions-schema.xsd         http://oval.mitre.org/XMLSchema/oval-definitions-5#unix unix-definitions-schema.xsd         http://oval.mitre.org/XMLSchema/oval-definitions-5#linux linux-definitions-schema.xsd">
  <ns0:generator>
    <ns2:product_name>combine_ovals.py from SCAP Security Guide</ns2:product_name>
    <ns2:product_version>ssg: [0, 1, 47], python: 3.7.5</ns2:product_version>
    <ns2:schema_version>5.11</ns2:schema_version>
    <ns2:timestamp>2019-11-05T21:48:56</ns2:timestamp>
  </ns0:generator>
  <ns0:definitions>
    <ns0:definition class="inventory" id="oval:ssg-installed_OS_is_centos6:def:1" version="2">
      <ns0:metadata>
        <ns0:title>CentOS 6</ns0:title>
        <ns0:affected family="unix">
          <ns0:platform>Ubuntu 18.04</ns0:platform>
        </ns0:affected>
        <ns0:reference ref_id="cpe:/o:centos:centos:6" source="CPE"/>
        <ns0:description>The operating system installed on the system is
      CentOS 6</ns0:description>
      </ns0:metadata>
      <ns0:criteria>
        <ns0:extend_definition comment="Installed OS is part of the Unix family" definition_ref="oval:ssg-installed_OS_is_part_of_Unix_family:def:1"/>
        <ns0:criterion comment="CentOS6 is installed" test_ref="oval:ssg-test_centos6:tst:1"/>
      </ns0:criteria>
    </ns0:definition>
    <ns0:definition class="inventory" id="oval:ssg-installed_OS_is_centos7:def:1" version="2">
      <ns0:metadata>
        <ns0:title>CentOS 7</ns0:title>
        <ns0:affected family="unix">
          <ns0:platform>Ubuntu 18.04</ns0:platform>
        </ns0:affected>
        <ns0:reference ref_id="cpe:/o:centos:centos:7" source="CPE"/>
        <ns0:description>The operating system installed on the system is
      CentOS 7</ns0:description>
      </ns0:metadata>
      <ns0:criteria operator="AND">
        <ns0:extend_definition comment="Installed OS is part of the Unix family" definition_ref="oval:ssg-installed_OS_is_part_of_Unix_family:def:1"/>
        <ns0:criterion comment="CentOS7 is installed" test_ref="oval:ssg-test_centos7:tst:1"/>
      </ns0:criteria>
    </ns0:definition>
    <ns0:definition class="inventory" id="oval:ssg-installed_OS_is_centos8:def:1" version="2">
      <ns0:metadata>
        <ns0:title>CentOS 8</ns0:title>
        <ns0:affected family="unix">
          <ns0:platform>Ubuntu 18.04</ns0:platform>
        </ns0:affected>
        <ns0:reference ref_id="cpe:/o:centos:centos:8" source="CPE"/>
        <ns0:description>The operating system installed on the system is
      CentOS 8</ns0:description>
      </ns0:metadata>
      <ns0:criteria operator="AND">
        <ns0:extend_definition comment="Installed OS is part of the Unix family" definition_ref="oval:ssg-installed_OS_is_part_of_Unix_family:def:1"/>
        <ns0:criterion comment="CentOS8 is installed" test_ref="oval:ssg-test_centos8:tst:1"/>
      </ns0:criteria>
    </ns0:definition>
    <ns0:definition class="inventory" id="oval:ssg-installed_OS_is_debian:def:1" version="1">
      <ns0:metadata>
        <ns0:title>Debian</ns0:title>
        <ns0:affected family="unix">
          <ns0:platform>Ubuntu 18.04</ns0:platform>
        </ns0:affected>
        <ns0:description>The operating system installed is a Debian System</ns0:description>
      </ns0:metadata>
      <ns0:criteria comment="System is Debian" operator="AND">
        <ns0:extend_definition comment="Installed OS is part of the Unix family" definition_ref="oval:ssg-installed_OS_is_part_of_Unix_family:def:1"/>
        <ns0:criterion comment="Debian is installed" test_ref="oval:ssg-test_debian:tst:1"/>
      </ns0:criteria>
    </ns0:definition>
    <ns0:definition class="inventory" id="oval:ssg-installed_OS_is_debian8:def:1" version="3">
      <ns0:metadata>
        <ns0:title>Debian 8</ns0:title>
        <ns0:affected family="unix">
          <ns0:platform>Ubuntu 18.04</ns0:platform>
        </ns0:affected>
        <ns0:reference ref_id="cpe:/o:debian:debian_linux:8" source="CPE"/>
        <ns0:description>The operating system installed on the system is Debian 8</ns0:description>
      </ns0:metadata>
      <ns0:criteria comment="current Debian version is Debian jessie" operator="AND">
        <ns0:extend_definition comment="Debian is installed" definition_ref="oval:ssg-installed_OS_is_debian:def:1"/>
        <ns0:criterion comment="Debian8 is installed" test_ref="oval:ssg-test_debian_8:tst:1"/>
      </ns0:criteria>
    </ns0:definition>
    <ns0:definition class="inventory" id="oval:ssg-installed_OS_is_debian9:def:1" version="3">
      <ns0:metadata>
        <ns0:title>Debian 9</ns0:title>
        <ns0:affected family="unix">
          <ns0:platform>Ubuntu 18.04</ns0:platform>
        </ns0:affected>
        <ns0:reference ref_id="cpe:/o:debian:debian_linux:9" source="CPE"/>
        <ns0:description>The operating system installed on the system is Debian 9</ns0:description>
      </ns0:metadata>
      <ns0:criteria comment="current Debian version is Debian Stretch" operator="AND">
        <ns0:extend_definition comment="Debian is installed" definition_ref="oval:ssg-installed_OS_is_debian:def:1"/>
        <ns0:criterion comment="Debian9 is installed" test_ref="oval:ssg-test_debian_9:tst:1"/>
      </ns0:criteria>
    </ns0:definition>
    <ns0:definition class="inventory" id="oval:ssg-installed_OS_is_fedora:def:1" version="3">
      <ns0:metadata>
        <ns0:title>Installed operating system is Fedora</ns0:title>
        <ns0:affected family="unix">
          <ns0:platform>Ubuntu 18.04</ns0:platform>
        </ns0:affected>
        <ns0:reference ref_id="cpe:/o:fedoraproject:fedora:28" source="CPE"/>
        <ns0:description>The operating system installed on the system is Fedora</ns0:description>
      </ns0:metadata>
      <ns0:criteria operator="AND">
        <ns0:extend_definition comment="Installed OS is part of the Unix family" definition_ref="oval:ssg-installed_OS_is_part_of_Unix_family:def:1"/>
        <ns0:criterion comment="fedora-release RPM packages are installed" test_ref="oval:ssg-test_fedora_release_rpm:tst:1"/>
        <ns0:criterion comment="CPE vendor is 'fedoraproject' and product is 'fedora'" test_ref="oval:ssg-test_fedora_vendor_product:tst:1"/>
      </ns0:criteria>
    </ns0:definition>
    <ns0:definition class="inventory" id="oval:ssg-installed_OS_is_ol6_family:def:1" version="1">
      <ns0:metadata>
        <ns0:title>Oracle Linux 6</ns0:title>
        <ns0:affected family="unix">
          <ns0:platform>Ubuntu 18.04</ns0:platform>
        </ns0:affected>
        <ns0:reference ref_id="cpe:/o:oracle:linux:6" source="CPE"/>
        <ns0:description>The operating system installed on the system is
      Oracle Linux 6</ns0:description>
      </ns0:metadata>
      <ns0:criteria>
        <ns0:extend_definition comment="Installed OS is part of the Unix family" definition_ref="oval:ssg-installed_OS_is_part_of_Unix_family:def:1"/>
        <ns0:criteria operator="OR">
          <ns0:criterion comment="Oracle Linux 6 System is installed" test_ref="oval:ssg-test_ol6_system:tst:1"/>
        </ns0:criteria>
      </ns0:criteria>
    </ns0:definition>
    <ns0:definition class="inventory" id="oval:ssg-installed_OS_is_ol7_family:def:1" version="1">
      <ns0:metadata>
        <ns0:title>Oracle Linux 7</ns0:title>
        <ns0:affected family="unix">
          <ns0:platform>Ubuntu 18.04</ns0:platform>
        </ns0:affected>
        <ns0:reference ref_id="cpe:/o:oracle:linux:7" source="CPE"/>
        <ns0:description>The operating system installed on the system is
      Oracle Linux 7</ns0:description>
      </ns0:metadata>
      <ns0:criteria>
        <ns0:extend_definition comment="Installed OS is part of the Unix family" definition_ref="oval:ssg-installed_OS_is_part_of_Unix_family:def:1"/>
        <ns0:criteria operator="OR">
          <ns0:criterion comment="Oracle Linux 7 System is installed" test_ref="oval:ssg-test_ol7_system:tst:1"/>
        </ns0:criteria>
      </ns0:criteria>
    </ns0:definition>
    <ns0:definition class="inventory" id="oval:ssg-installed_OS_is_ol8_family:def:1" version="1">
      <ns0:metadata>
        <ns0:title>Oracle Linux 8</ns0:title>
        <ns0:affected family="unix">
          <ns0:platform>Ubuntu 18.04</ns0:platform>
        </ns0:affected>
        <ns0:reference ref_id="cpe:/o:oracle:linux:8" source="CPE"/>
        <ns0:description>The operating system installed on the system is
      Oracle Linux 8</ns0:description>
      </ns0:metadata>
      <ns0:criteria>
        <ns0:extend_definition comment="Installed OS is part of the Unix family" definition_ref="oval:ssg-installed_OS_is_part_of_Unix_family:def:1"/>
        <ns0:criteria operator="OR">
          <ns0:criterion comment="Oracle Linux 8 System is installed" test_ref="oval:ssg-test_ol8_system:tst:1"/>
        </ns0:criteria>
      </ns0:criteria>
    </ns0:definition>
    <ns0:definition class="inventory" id="oval:ssg-installed_OS_is_opensuse:def:1" version="1">
      <ns0:metadata>
        <ns0:title>openSUSE</ns0:title>
        <ns0:affected family="unix">
          <ns0:platform>Ubuntu 18.04</ns0:platform>
        </ns0:affected>
        <ns0:description>The operating system installed on the system is openSUSE.</ns0:description>
      </ns0:metadata>
      <ns0:criteria operator="AND">
        <ns0:extend_definition comment="Installed OS is part of the Unix family" definition_ref="oval:ssg-installed_OS_is_part_of_Unix_family:def:1"/>
        <ns0:criterion comment="openSUSE is installed" test_ref="oval:ssg-test_opensuse_installed:tst:1"/>
      </ns0:criteria>
    </ns0:definition>
    <ns0:definition class="inventory" id="oval:ssg-installed_OS_is_opensuse_leap15:def:1" version="1">
      <ns0:metadata>
        <ns0:title>openSUSE Leap 15</ns0:title>
        <ns0:affected family="unix">
          <ns0:platform>Ubuntu 18.04</ns0:platform>
        </ns0:affected>
        <ns0:reference ref_id="cpe:/o:opensuse:leap:15.0" source="CPE"/>
        <ns0:description>The operating system installed on the system is openSUSE Leap 15.</ns0:description>
      </ns0:metadata>
      <ns0:criteria operator="AND">
        <ns0:extend_definition comment="openSUSE is installed" definition_ref="oval:ssg-installed_OS_is_opensuse:def:1"/>
        <ns0:criterion comment="openSUSE Leap 15 is installed" test_ref="oval:ssg-test_opensuse_leap15_installed:tst:1"/>
      </ns0:criteria>
    </ns0:definition>
    <ns0:definition class="inventory" id="oval:ssg-installed_OS_is_opensuse_leap42:def:1" version="1">
      <ns0:metadata>
        <ns0:title>openSUSE Leap 42</ns0:title>
        <ns0:affected family="unix">
          <ns0:platform>Ubuntu 18.04</ns0:platform>
        </ns0:affected>
        <ns0:reference ref_id="cpe:/o:opensuse:leap:42.1" source="CPE"/>
        <ns0:reference ref_id="cpe:/o:opensuse:leap:42.2" source="CPE"/>
        <ns0:reference ref_id="cpe:/o:opensuse:leap:42.3" source="CPE"/>
        <ns0:description>The operating system installed on the system is openSUSE Leap 42.</ns0:description>
      </ns0:metadata>
      <ns0:criteria operator="AND">
        <ns0:extend_definition comment="openSUSE is installed" definition_ref="oval:ssg-installed_OS_is_opensuse:def:1"/>
        <ns0:criterion comment="openSUSE Leap 42 is installed" test_ref="oval:ssg-test_opensuse_leap42_installed:tst:1"/>
      </ns0:criteria>
    </ns0:definition>
    <ns0:definition class="inventory" id="oval:ssg-installed_OS_is_part_of_Unix_family:def:1" version="1">
      <ns0:metadata>
        <ns0:title>Installed operating system is part of the Unix family</ns0:title>
        <ns0:affected family="unix">
          <ns0:platform>Ubuntu 18.04</ns0:platform>
        </ns0:affected>
        <ns0:description>The operating system installed on the system is part of the Unix OS family</ns0:description>
      </ns0:metadata>
      <ns0:criteria>
        <ns0:criterion comment="Installed operating system is part of the unix family" test_ref="oval:ssg-test_unix_family:tst:1"/>
      </ns0:criteria>
    </ns0:definition>
    <ns0:definition class="inventory" id="oval:ssg-installed_OS_is_rhel6:def:1" version="2">
      <ns0:metadata>
        <ns0:title>Red Hat Enterprise Linux 6</ns0:title>
        <ns0:affected family="unix">
          <ns0:platform>Ubuntu 18.04</ns0:platform>
        </ns0:affected>
        <ns0:reference ref_id="cpe:/o:redhat:enterprise_linux:6" source="CPE"/>
        <ns0:description>The operating system installed on the system is
      Red Hat Enterprise Linux 6</ns0:description>
      </ns0:metadata>
      <ns0:criteria operator="AND">
        <ns0:extend_definition comment="Installed OS is part of the Unix family" definition_ref="oval:ssg-installed_OS_is_part_of_Unix_family:def:1"/>
        <ns0:criteria operator="OR">
          <ns0:criterion comment="RHEL 6 Client is installed" test_ref="oval:ssg-test_rhel_client:tst:1"/>
          <ns0:criterion comment="RHEL 6 Workstation is installed" test_ref="oval:ssg-test_rhel_workstation:tst:1"/>
          <ns0:criterion comment="RHEL 6 Server is installed" test_ref="oval:ssg-test_rhel_server:tst:1"/>
          <ns0:criterion comment="RHEL 6 Compute Node is installed" test_ref="oval:ssg-test_rhel_computenode:tst:1"/>
        </ns0:criteria>
      </ns0:criteria>
    </ns0:definition>
    <ns0:definition class="inventory" id="oval:ssg-installed_OS_is_rhel7:def:1" version="1">
      <ns0:metadata>
        <ns0:title>Red Hat Enterprise Linux 7</ns0:title>
        <ns0:affected family="unix">
          <ns0:platform>Ubuntu 18.04</ns0:platform>
        </ns0:affected>
        <ns0:reference ref_id="cpe:/o:redhat:enterprise_linux:7" source="CPE"/>
        <ns0:description>The operating system installed on the system is
      Red Hat Enterprise Linux 7</ns0:description>
      </ns0:metadata>
      <ns0:criteria>
        <ns0:criterion comment="Installed operating system is part of the unix family" test_ref="oval:ssg-test_rhel7_unix_family:tst:1"/>
        <ns0:criteria operator="OR">
          <ns0:criterion comment="RHEL 7 Client is installed" test_ref="oval:ssg-test_rhel7_client:tst:1"/>
          <ns0:criterion comment="RHEL 7 Workstation is installed" test_ref="oval:ssg-test_rhel7_workstation:tst:1"/>
          <ns0:criterion comment="RHEL 7 Server is installed" test_ref="oval:ssg-test_rhel7_server:tst:1"/>
          <ns0:criterion comment="RHEL 7 Compute Node is installed" test_ref="oval:ssg-test_rhel7_computenode:tst:1"/>
          <ns0:criteria comment="Red Hat Enterpise Virtualization Host is installed" operator="AND">
            <ns0:criterion comment="redhat-release-virtualization-host RPM package is installed" test_ref="oval:ssg-test_redhat_release_virtualization_host_rpm:tst:1"/>
            <ns0:criterion comment="Red Hat Enterpise Virtualization Host is based on RHEL 7" test_ref="oval:ssg-test_rhev_rhel_version:tst:1"/>
          </ns0:criteria>
        </ns0:criteria>
      </ns0:criteria>
    </ns0:definition>
    <ns0:definition class="inventory" id="oval:ssg-installed_OS_is_rhel8:def:1" version="1">
      <ns0:metadata>
        <ns0:title>Red Hat Enterprise Linux 8</ns0:title>
        <ns0:affected family="unix">
          <ns0:platform>Ubuntu 18.04</ns0:platform>
        </ns0:affected>
        <ns0:reference ref_id="cpe:/o:redhat:enterprise_linux:8" source="CPE"/>
        <ns0:description>The operating system installed on the system is
      Red Hat Enterprise Linux 8</ns0:description>
      </ns0:metadata>
      <ns0:criteria>
        <ns0:criterion comment="Installed operating system is part of the unix family" test_ref="oval:ssg-test_rhel8_unix_family:tst:1"/>
        <ns0:criteria operator="OR">
          <ns0:criterion comment="RHEL 8 is installed" test_ref="oval:ssg-test_rhel8:tst:1"/>
          <ns0:criterion comment="RHEL 8 CoreOS is installed" test_ref="oval:ssg-test_rhel8_coreos:tst:1"/>
        </ns0:criteria>
      </ns0:criteria>
    </ns0:definition>
    <ns0:definition class="inventory" id="oval:ssg-installed_OS_is_rhv4:def:1" version="1">
      <ns0:metadata>
        <ns0:title>Red Hat Virtualization 4</ns0:title>
        <ns0:affected family="unix">
          <ns0:platform>Ubuntu 18.04</ns0:platform>
        </ns0:affected>
        <ns0:reference ref_id="cpe:/o:redhat:virtualization:4" source="CPE"/>
        <ns0:description>The operating system installed on the system is
      Red Hat Virtualization Host 4 or Red Hat Enterprise Host.</ns0:description>
      </ns0:metadata>
      <ns0:criteria>
        <ns0:extend_definition comment="RHEL7 OS installed" definition_ref="oval:ssg-installed_OS_is_rhel7:def:1"/>
        <ns0:criteria operator="OR">
          <ns0:criterion comment="Red Hat Virtualization Host (RHVH)" test_ref="oval:ssg-test_rhvh4_version:tst:1"/>
          <ns0:criterion comment="Red Hat Virtualization Host is based on RHEL (RHELH)" test_ref="oval:ssg-test_rhelh4_version:tst:1"/>
        </ns0:criteria>
      </ns0:criteria>
    </ns0:definition>
    <ns0:definition class="inventory" id="oval:ssg-installed_OS_is_sl6:def:1" version="2">
      <ns0:metadata>
        <ns0:title>Scientific Linux 6</ns0:title>
        <ns0:affected family="unix">
          <ns0:platform>Ubuntu 18.04</ns0:platform>
        </ns0:affected>
        <ns0:reference ref_id="cpe:/o:scientificlinux:scientificlinux:6" source="CPE"/>
        <ns0:description>The operating system installed on the system is
      Scientific Linux 6</ns0:description>
      </ns0:metadata>
      <ns0:criteria operator="AND">
        <ns0:extend_definition comment="Installed OS is part of the Unix family" definition_ref="oval:ssg-installed_OS_is_part_of_Unix_family:def:1"/>
        <ns0:criterion comment="Scientific Linux 6 is installed" test_ref="oval:ssg-test_sl6:tst:1"/>
      </ns0:criteria>
    </ns0:definition>
    <ns0:definition class="inventory" id="oval:ssg-installed_OS_is_sl7:def:1" version="2">
      <ns0:metadata>
        <ns0:title>Scientific Linux 7</ns0:title>
        <ns0:affected family="unix">
          <ns0:platform>Ubuntu 18.04</ns0:platform>
        </ns0:affected>
        <ns0:reference ref_id="cpe:/o:scientificlinux:scientificlinux:7" source="CPE"/>
        <ns0:description>The operating system installed on the system is
      Scientific Linux 7</ns0:description>
      </ns0:metadata>
      <ns0:criteria operator="AND">
        <ns0:extend_definition comment="Installed OS is part of the Unix family" definition_ref="oval:ssg-installed_OS_is_part_of_Unix_family:def:1"/>
        <ns0:criterion comment="Scientific Linux 7 is installed" test_ref="oval:ssg-test_sl7:tst:1"/>
      </ns0:criteria>
    </ns0:definition>
    <ns0:definition class="inventory" id="oval:ssg-installed_OS_is_sle11:def:1" version="1">
      <ns0:metadata>
        <ns0:title>SUSE Linux Enterprise 11</ns0:title>
        <ns0:affected family="unix">
          <ns0:platform>Ubuntu 18.04</ns0:platform>
        </ns0:affected>
        <ns0:reference ref_id="cpe:/o:suse:linux_enterprise_server:11" source="CPE"/>
        <ns0:reference ref_id="cpe:/o:suse:linux_enterprise_desktop:11" source="CPE"/>
        <ns0:description>The operating system installed on the system is
      SUSE Linux Enterprise 11.</ns0:description>
      </ns0:metadata>
      <ns0:criteria>
        <ns0:criterion comment="Installed operating system is part of the unix family" test_ref="oval:ssg-test_sle11_unix_family:tst:1"/>
        <ns0:criteria operator="OR">
          <ns0:criterion comment="SLE 11 Desktop is installed" test_ref="oval:ssg-test_sle11_desktop:tst:1"/>
          <ns0:criterion comment="SLE 11 Server is installed" test_ref="oval:ssg-test_sle11_server:tst:1"/>
        </ns0:criteria>
      </ns0:criteria>
    </ns0:definition>
    <ns0:definition class="inventory" id="oval:ssg-installed_OS_is_sle12:def:1" version="1">
      <ns0:metadata>
        <ns0:title>SUSE Linux Enterprise 12</ns0:title>
        <ns0:affected family="unix">
          <ns0:platform>Ubuntu 18.04</ns0:platform>
        </ns0:affected>
        <ns0:reference ref_id="cpe:/o:suse:linux_enterprise_server:12" source="CPE"/>
        <ns0:reference ref_id="cpe:/o:suse:linux_enterprise_desktop:12" source="CPE"/>
        <ns0:description>The operating system installed on the system is
      SUSE Linux Enterprise 12.</ns0:description>
      </ns0:metadata>
      <ns0:criteria>
        <ns0:criterion comment="Installed operating system is part of the unix family" test_ref="oval:ssg-test_sle12_unix_family:tst:1"/>
        <ns0:criteria operator="OR">
          <ns0:criterion comment="SLE 12 Desktop is installed" test_ref="oval:ssg-test_sle12_desktop:tst:1"/>
          <ns0:criterion comment="SLE 12 Server is installed" test_ref="oval:ssg-test_sle12_server:tst:1"/>
        </ns0:criteria>
      </ns0:criteria>
    </ns0:definition>
    <ns0:definition class="inventory" id="oval:ssg-installed_OS_is_ubuntu:def:1" version="1">
      <ns0:metadata>
        <ns0:title>Ubuntu</ns0:title>
        <ns0:affected family="unix">
          <ns0:platform>Ubuntu 18.04</ns0:platform>
        </ns0:affected>
        <ns0:description>The operating system installed is an Ubuntu System</ns0:description>
      </ns0:metadata>
      <ns0:criteria comment="System is Ubuntu" operator="AND">
        <ns0:extend_definition comment="Installed OS is part of the Unix family" definition_ref="oval:ssg-installed_OS_is_part_of_Unix_family:def:1"/>
        <ns0:criterion comment="lsb-based distrib" test_ref="oval:ssg-test_lsb:tst:1"/>
        <ns0:criterion comment="Ubuntu is installed" test_ref="oval:ssg-test_ubuntu:tst:1"/>
      </ns0:criteria>
    </ns0:definition>
    <ns0:definition class="inventory" id="oval:ssg-installed_OS_is_ubuntu1404:def:1" version="1">
      <ns0:metadata>
        <ns0:title>Ubuntu 1404</ns0:title>
        <ns0:affected family="unix">
          <ns0:platform>Ubuntu 18.04</ns0:platform>
        </ns0:affected>
        <ns0:reference ref_id="cpe:/o:canonical:ubuntu_linux:14.04" source="CPE"/>
        <ns0:description>The operating system installed on the system is Ubuntu 1404</ns0:description>
      </ns0:metadata>
      <ns0:criteria comment="current Ubuntu version is Trusty" operator="AND">
        <ns0:extend_definition comment="Ubuntu is installed" definition_ref="oval:ssg-installed_OS_is_ubuntu:def:1"/>
        <ns0:criterion comment="Trusty is installed" test_ref="oval:ssg-test_ubuntu_trusty:tst:1"/>
      </ns0:criteria>
    </ns0:definition>
    <ns0:definition class="inventory" id="oval:ssg-installed_OS_is_ubuntu1604:def:1" version="1">
      <ns0:metadata>
        <ns0:title>Ubuntu 1604</ns0:title>
        <ns0:affected family="unix">
          <ns0:platform>Ubuntu 18.04</ns0:platform>
        </ns0:affected>
        <ns0:reference ref_id="cpe:/o:canonical:ubuntu_linux:16.04" source="CPE"/>
        <ns0:description>The operating system installed on the system is Ubuntu 1604</ns0:description>
      </ns0:metadata>
      <ns0:criteria comment="current Ubuntu version is Xenial" operator="AND">
        <ns0:extend_definition comment="Ubuntu is installed" definition_ref="oval:ssg-installed_OS_is_ubuntu:def:1"/>
        <ns0:criterion comment="Xenial is installed" test_ref="oval:ssg-test_ubuntu_xenial:tst:1"/>
      </ns0:criteria>
    </ns0:definition>
    <ns0:definition class="inventory" id="oval:ssg-installed_OS_is_ubuntu1804:def:1" version="1">
      <ns0:metadata>
        <ns0:title>Ubuntu 1804</ns0:title>
        <ns0:affected family="unix">
          <ns0:platform>Ubuntu 18.04</ns0:platform>
        </ns0:affected>
        <ns0:reference ref_id="cpe:/o:canonical:ubuntu_linux:18.04" source="CPE"/>
        <ns0:description>The operating system installed on the system is Ubuntu 1804</ns0:description>
      </ns0:metadata>
      <ns0:criteria comment="current Ubuntu version is Bionic" operator="AND">
        <ns0:extend_definition comment="Ubuntu is installed" definition_ref="oval:ssg-installed_OS_is_ubuntu:def:1"/>
        <ns0:criterion comment="Bionic is installed" test_ref="oval:ssg-test_ubuntu_bionic:tst:1"/>
      </ns0:criteria>
    </ns0:definition>
    <ns0:definition class="inventory" id="oval:ssg-installed_OS_is_wrlinux1019:def:1" version="1">
      <ns0:metadata>
        <ns0:title>WRLinux 1019</ns0:title>
        <ns0:affected family="unix">
          <ns0:platform>Ubuntu 18.04</ns0:platform>
        </ns0:affected>
        <ns0:reference ref_id="cpe:/o:windriver:wrlinux" source="CPE"/>
        <ns0:description>The operating system installed on the system is
      Wind River Linux 1019</ns0:description>
      </ns0:metadata>
      <ns0:criteria operator="AND">
        <ns0:criterion comment="Installed operating system is part of the unix family" test_ref="oval:ssg-test_unix_wrlinux1019:tst:1"/>
        <ns0:criterion comment="Produce name is WRLinux" test_ref="oval:ssg-test_wrlinux1019_name:tst:1"/>
        <ns0:criterion comment="WRLinux version is 1019" test_ref="oval:ssg-test_wrlinux1019_version:tst:1"/>
      </ns0:criteria>
    </ns0:definition>
    <ns0:definition class="inventory" id="oval:ssg-installed_OS_is_wrlinux8:def:1" version="1">
      <ns0:metadata>
        <ns0:title>WRLinux 8</ns0:title>
        <ns0:affected family="unix">
          <ns0:platform>Ubuntu 18.04</ns0:platform>
        </ns0:affected>
        <ns0:reference ref_id="cpe:/o:windriver:wrlinux" source="CPE"/>
        <ns0:description>The operating system installed on the system is
      Wind River Linux 8</ns0:description>
      </ns0:metadata>
      <ns0:criteria comment="current WRLinux version is WRLinux8" operator="AND">
        <ns0:criterion comment="Installed operating system is part of the unix family" test_ref="oval:ssg-test_unix_wrlinux8:tst:1"/>
        <ns0:criterion comment="WRLinux 8 is installed" test_ref="oval:ssg-test_wrlinux8_version:tst:1"/>
      </ns0:criteria>
    </ns0:definition>
    <ns0:definition class="inventory" id="oval:ssg-installed_app_is_ocp3:def:1" version="1">
      <ns0:metadata>
        <ns0:title>Red Hat OpenShift Container Platform</ns0:title>
        <ns0:affected family="unix">
          <ns0:platform>Ubuntu 18.04</ns0:platform>
        </ns0:affected>
        <ns0:reference ref_id="cpe:/a:redhat:openshift_container_platform:3.10" source="CPE"/>
        <ns0:reference ref_id="cpe:/a:redhat:openshift_container_platform:3.11" source="CPE"/>
        <ns0:description>The application installed installed on the system is
      OpenShift 3.</ns0:description>
      </ns0:metadata>
      <ns0:criteria>
        <ns0:extend_definition comment="RHEL7 OS installed" definition_ref="oval:ssg-installed_OS_is_rhel7:def:1"/>
        <ns0:criterion comment="OpenShift Node is installed" test_ref="oval:ssg-test_ocp3_node:tst:1"/>
        <ns0:criterion comment="OpenShift Hyperkube is installed" test_ref="oval:ssg-test_ocp3_hyperkube:tst:1"/>
        <ns0:criterion comment="Atomic OpenShift is installed" test_ref="oval:ssg-test_ocp3_atomic:tst:1"/>
      </ns0:criteria>
    </ns0:definition>
    <ns0:definition class="inventory" id="oval:ssg-installed_app_is_ocp4:def:1" version="1">
      <ns0:metadata>
        <ns0:title>Red Hat OpenShift Container Platform</ns0:title>
        <ns0:affected family="unix">
          <ns0:platform>Ubuntu 18.04</ns0:platform>
        </ns0:affected>
        <ns0:reference ref_id="cpe:/a:redhat:openshift_container_platform:4.1" source="CPE"/>
        <ns0:description>The application installed installed on the system is OpenShift 4.</ns0:description>
      </ns0:metadata>
      <ns0:criteria>
        <ns0:extend_definition comment="RHEL8 OS installed" definition_ref="oval:ssg-installed_OS_is_rhel8:def:1"/>
        <ns0:criterion comment="OpenShift Node is installed" test_ref="oval:ssg-test_ocp4_node:tst:1"/>
      </ns0:criteria>
    </ns0:definition>
    <ns0:definition class="inventory" id="oval:ssg-installed_app_is_rhosp13:def:1" version="1">
      <ns0:metadata>
        <ns0:title>Red Hat OpenStack Platform</ns0:title>
        <ns0:affected family="unix">
          <ns0:platform>Ubuntu 18.04</ns0:platform>
        </ns0:affected>
        <ns0:reference ref_id="cpe:/a:redhat:openstack:13.0" source="CPE"/>
        <ns0:description>The application installed installed on the system is
      Red Hat OpenStack Platform 13.</ns0:description>
      </ns0:metadata>
      <ns0:criteria>
        <ns0:extend_definition comment="RHEL7 OS installed" definition_ref="oval:ssg-installed_OS_is_rhel7:def:1"/>
        <ns0:criterion comment="OpenStack is installed" test_ref="oval:ssg-test_rhosp13_release:tst:1"/>
      </ns0:criteria>
    </ns0:definition>
    <ns0:definition class="inventory" id="oval:ssg-installed_app_is_rhv4:def:1" version="1">
      <ns0:metadata>
        <ns0:title>Red Hat Virtualization 4</ns0:title>
        <ns0:affected family="unix">
          <ns0:platform>Ubuntu 18.04</ns0:platform>
        </ns0:affected>
        <ns0:reference ref_id="cpe:/a:redhat:virtualization:4" source="CPE"/>
        <ns0:description>The application installed installed on the system is
      Red Hat Virtualization 4.</ns0:description>
      </ns0:metadata>
      <ns0:criteria>
        <ns0:extend_definition comment="RHEL7 OS installed" definition_ref="oval:ssg-installed_OS_is_rhel7:def:1"/>
        <ns0:criterion comment="Red Hat Virtualization Manager (RHVM)" test_ref="oval:ssg-test_rhevm4_version:tst:1"/>
      </ns0:criteria>
    </ns0:definition>
    <ns0:definition class="inventory" id="oval:ssg-installed_env_has_gdm_package:def:1" version="1">
      <ns0:metadata>
        <ns0:title>Package gdm is installed</ns0:title>
        <ns0:affected family="unix">
          <ns0:platform>Ubuntu 18.04</ns0:platform>
        </ns0:affected>
        <ns0:description>Checks if package gdm is installed.</ns0:description>
        <ns0:reference ref_id="cpe:/a:gdm" source="CPE"/>
      </ns0:metadata>
      <ns0:criteria>
        <ns0:criterion comment="Package gdm is installed" test_ref="oval:ssg-test_env_has_gdm_installed:tst:1"/>
      </ns0:criteria>
    </ns0:definition>
    <ns0:definition class="inventory" id="oval:ssg-installed_env_has_libuser_package:def:1" version="1">
      <ns0:metadata>
        <ns0:title>Package libuser is installed</ns0:title>
        <ns0:affected family="unix">
          <ns0:platform>Ubuntu 18.04</ns0:platform>
        </ns0:affected>
        <ns0:description>Checks if package libuser is installed.</ns0:description>
        <ns0:reference ref_id="cpe:/a:libuser" source="CPE"/>
      </ns0:metadata>
      <ns0:criteria>
        <ns0:criterion comment="Package libuser is installed" test_ref="oval:ssg-test_env_has_libuser_installed:tst:1"/>
      </ns0:criteria>
    </ns0:definition>
    <ns0:definition class="inventory" id="oval:ssg-installed_env_has_nss-pam-ldapd_package:def:1" version="1">
      <ns0:metadata>
        <ns0:title>Package nss-pam-ldapd is installed</ns0:title>
        <ns0:affected family="unix">
          <ns0:platform>Ubuntu 18.04</ns0:platform>
        </ns0:affected>
        <ns0:description>Checks if package nss-pam-ldapd is installed.</ns0:description>
        <ns0:reference ref_id="cpe:/a:nss-pam-ldapd" source="CPE"/>
      </ns0:metadata>
      <ns0:criteria>
        <ns0:criterion comment="Package nss-pam-ldapd is installed" test_ref="oval:ssg-test_env_has_nss-pam-ldapd_installed:tst:1"/>
      </ns0:criteria>
    </ns0:definition>
    <ns0:definition class="inventory" id="oval:ssg-installed_env_has_pam_package:def:1" version="1">
      <ns0:metadata>
        <ns0:title>Package pam is installed</ns0:title>
        <ns0:affected family="unix">
          <ns0:platform>Ubuntu 18.04</ns0:platform>
        </ns0:affected>
        <ns0:description>Checks if package pam is installed.</ns0:description>
        <ns0:reference ref_id="cpe:/a:pam" source="CPE"/>
      </ns0:metadata>
      <ns0:criteria>
        <ns0:criterion comment="Package pam is installed" test_ref="oval:ssg-test_env_has_pam_installed:tst:1"/>
      </ns0:criteria>
    </ns0:definition>
    <ns0:definition class="inventory" id="oval:ssg-installed_env_has_shadow-utils_package:def:1" version="1">
      <ns0:metadata>
        <ns0:title>Package shadow-utils is installed</ns0:title>
        <ns0:affected family="unix">
          <ns0:platform>Ubuntu 18.04</ns0:platform>
        </ns0:affected>
        <ns0:description>Checks if package shadow-utils is installed.</ns0:description>
        <ns0:reference ref_id="cpe:/a:shadow-utils" source="CPE"/>
      </ns0:metadata>
      <ns0:criteria>
        <ns0:criterion comment="Package shadow-utils is installed" test_ref="oval:ssg-test_env_has_shadow-utils_installed:tst:1"/>
      </ns0:criteria>
    </ns0:definition>
    <ns0:definition class="inventory" id="oval:ssg-installed_env_has_sssd-common_package:def:1" version="1">
      <ns0:metadata>
        <ns0:title>Package sssd-common is installed</ns0:title>
        <ns0:affected family="unix">
          <ns0:platform>Ubuntu 18.04</ns0:platform>
        </ns0:affected>
        <ns0:description>Checks if package sssd-common is installed.</ns0:description>
        <ns0:reference ref_id="cpe:/a:sssd" source="CPE"/>
      </ns0:metadata>
      <ns0:criteria>
        <ns0:criterion comment="Package sssd-common is installed" test_ref="oval:ssg-test_env_has_sssd-common_installed:tst:1"/>
      </ns0:criteria>
    </ns0:definition>
    <ns0:definition class="inventory" id="oval:ssg-installed_env_has_systemd_package:def:1" version="1">
      <ns0:metadata>
        <ns0:title>Package systemd is installed</ns0:title>
        <ns0:affected family="unix">
          <ns0:platform>Ubuntu 18.04</ns0:platform>
        </ns0:affected>
        <ns0:description>Checks if package systemd is installed.</ns0:description>
        <ns0:reference ref_id="cpe:/a:systemd" source="CPE"/>
      </ns0:metadata>
      <ns0:criteria>
        <ns0:criterion comment="Package systemd is installed" test_ref="oval:ssg-test_env_has_systemd_installed:tst:1"/>
      </ns0:criteria>
    </ns0:definition>
    <ns0:definition class="inventory" id="oval:ssg-installed_env_has_yum_package:def:1" version="1">
      <ns0:metadata>
        <ns0:title>Package yum is installed</ns0:title>
        <ns0:affected family="unix">
          <ns0:platform>Ubuntu 18.04</ns0:platform>
        </ns0:affected>
        <ns0:description>Checks if package yum is installed.</ns0:description>
        <ns0:reference ref_id="cpe:/a:yum" source="CPE"/>
      </ns0:metadata>
      <ns0:criteria>
        <ns0:criterion comment="Package yum is installed" test_ref="oval:ssg-test_env_has_yum_installed:tst:1"/>
      </ns0:criteria>
    </ns0:definition>
    <ns0:definition class="inventory" id="oval:ssg-installed_env_is_a_container:def:1" version="2">
      <ns0:metadata>
        <ns0:title>Check if the scan target is a container</ns0:title>
        <ns0:affected family="unix">
          <ns0:platform>Ubuntu 18.04</ns0:platform>
        </ns0:affected>
        <ns0:description>Check for presence of files characterizing container filesystems.</ns0:description>
        <ns0:reference ref_id="cpe:/a:container" source="CPE"/>
      </ns0:metadata>
      <ns0:criteria operator="OR">
        <ns0:criterion comment="Check if /.dockerenv exists" test_ref="oval:ssg-test_installed_env_is_a_docker_container:tst:1"/>
        <ns0:criterion comment="Check if /run/.containerenv exists" test_ref="oval:ssg-test_installed_env_is_a_podman_container:tst:1"/>
      </ns0:criteria>
    </ns0:definition>
    <ns0:definition class="inventory" id="oval:ssg-installed_env_is_a_machine:def:1" version="2">
      <ns0:metadata>
        <ns0:title>Check if the scan target is a machine</ns0:title>
        <ns0:affected family="unix">
          <ns0:platform>Ubuntu 18.04</ns0:platform>
        </ns0:affected>
        <ns0:description>Check for absence of files characterizing container filesystems.</ns0:description>
        <ns0:reference ref_id="cpe:/a:machine" source="CPE"/>
      </ns0:metadata>
      <ns0:criteria>
        <ns0:extend_definition comment="If environment is not a container, it is machine" definition_ref="oval:ssg-installed_env_is_a_container:def:1" negate="true"/>
      </ns0:criteria>
    </ns0:definition>
  </ns0:definitions>
  <ns0:tests>
    <ns3:rpminfo_test check="all" check_existence="at_least_one_exists" comment="centos-release is version 6" id="oval:ssg-test_centos6:tst:1" version="1">
      <ns3:object object_ref="oval:ssg-obj_centos6:obj:1"/>
      <ns3:state state_ref="oval:ssg-state_centos6:ste:1"/>
    </ns3:rpminfo_test>
    <ns3:rpminfo_test check="all" check_existence="at_least_one_exists" comment="centos-release is version 7" id="oval:ssg-test_centos7:tst:1" version="1">
      <ns3:object object_ref="oval:ssg-obj_centos7:obj:1"/>
      <ns3:state state_ref="oval:ssg-state_centos7:ste:1"/>
    </ns3:rpminfo_test>
    <ns3:rpminfo_test check="all" check_existence="at_least_one_exists" comment="centos-release is version 8" id="oval:ssg-test_centos8:tst:1" version="1">
      <ns3:object object_ref="oval:ssg-obj_centos8:obj:1"/>
      <ns3:state state_ref="oval:ssg-state_centos8:ste:1"/>
    </ns3:rpminfo_test>
    <ns4:file_test check="all" check_existence="all_exist" comment="/etc/debian_version exists" id="oval:ssg-test_debian:tst:1" version="1">
      <ns4:object object_ref="oval:ssg-obj_debian:obj:1"/>
    </ns4:file_test>
    <ns5:textfilecontent54_test check="all" check_existence="at_least_one_exists" comment="Check Debian version" id="oval:ssg-test_debian_8:tst:1" version="1">
      <ns5:object object_ref="oval:ssg-obj_debian_8:obj:1"/>
    </ns5:textfilecontent54_test>
    <ns5:textfilecontent54_test check="all" check_existence="at_least_one_exists" comment="Check Debian version" id="oval:ssg-test_debian_9:tst:1" version="1">
      <ns5:object object_ref="oval:ssg-obj_debian_9:obj:1"/>
    </ns5:textfilecontent54_test>
    <ns3:rpminfo_test check="all" check_existence="at_least_one_exists" comment="fedora-release RPM packages are installed" id="oval:ssg-test_fedora_release_rpm:tst:1" version="1">
      <ns3:object object_ref="oval:ssg-object_fedora_release_rpm:obj:1"/>
    </ns3:rpminfo_test>
    <ns5:textfilecontent54_test check="all" comment="CPE vendor is 'fedoraproject' and 'product' is fedora" id="oval:ssg-test_fedora_vendor_product:tst:1" version="1">
      <ns5:object object_ref="oval:ssg-object_fedora_vendor_product:obj:1"/>
    </ns5:textfilecontent54_test>
    <ns3:rpminfo_test check="all" check_existence="at_least_one_exists" comment="oraclelinux-release is version 6" id="oval:ssg-test_ol6_system:tst:1" version="1">
      <ns3:object object_ref="oval:ssg-obj_ol6_system:obj:1"/>
      <ns3:state state_ref="oval:ssg-state_ol6_system:ste:1"/>
    </ns3:rpminfo_test>
    <ns3:rpminfo_test check="all" check_existence="at_least_one_exists" comment="oraclelinux-release is version 7" id="oval:ssg-test_ol7_system:tst:1" version="1">
      <ns3:object object_ref="oval:ssg-obj_ol7_system:obj:1"/>
      <ns3:state state_ref="oval:ssg-state_ol7_system:ste:1"/>
    </ns3:rpminfo_test>
    <ns3:rpminfo_test check="all" check_existence="at_least_one_exists" comment="oraclelinux-release is version 8" id="oval:ssg-test_ol8_system:tst:1" version="1">
      <ns3:object object_ref="oval:ssg-obj_ol8_system:obj:1"/>
      <ns3:state state_ref="oval:ssg-state_ol8_system:ste:1"/>
    </ns3:rpminfo_test>
    <ns3:rpminfo_test check="all" check_existence="at_least_one_exists" comment="openSUSE is installed" id="oval:ssg-test_opensuse_installed:tst:1" version="1">
      <ns3:object object_ref="oval:ssg-obj_opensuse_installed:obj:1"/>
      <ns3:state state_ref="oval:ssg-state_opensuse_installed:ste:1"/>
    </ns3:rpminfo_test>
    <ns3:rpminfo_test check="all" check_existence="at_least_one_exists" comment="openSUSE Leap 15 is installed" id="oval:ssg-test_opensuse_leap15_installed:tst:1" version="1">
      <ns3:object object_ref="oval:ssg-obj_opensuse_leap15_installed:obj:1"/>
      <ns3:state state_ref="oval:ssg-state_opensuse_leap15_installed:ste:1"/>
    </ns3:rpminfo_test>
    <ns3:rpminfo_test check="all" check_existence="at_least_one_exists" comment="openSUSE Leap 42 is installed" id="oval:ssg-test_opensuse_leap42_installed:tst:1" version="1">
      <ns3:object object_ref="oval:ssg-obj_opensuse_leap42_installed:obj:1"/>
      <ns3:state state_ref="oval:ssg-state_opensuse_leap42_installed:ste:1"/>
    </ns3:rpminfo_test>
    <ns5:family_test check="all" check_existence="at_least_one_exists" comment="Test installed OS is part of the unix family" id="oval:ssg-test_unix_family:tst:1" version="1">
      <ns5:object object_ref="oval:ssg-object_unix_family:obj:1"/>
      <ns5:state state_ref="oval:ssg-state_unix_family:ste:1"/>
    </ns5:family_test>
    <ns3:rpminfo_test check="all" check_existence="at_least_one_exists" comment="redhat-release-client is version 6" id="oval:ssg-test_rhel_client:tst:1" version="1">
      <ns3:object object_ref="oval:ssg-obj_rhel_client:obj:1"/>
      <ns3:state state_ref="oval:ssg-state_rhel_client:ste:1"/>
    </ns3:rpminfo_test>
    <ns3:rpminfo_test check="all" check_existence="at_least_one_exists" comment="redhat-release-workstation is version 6" id="oval:ssg-test_rhel_workstation:tst:1" version="1">
      <ns3:object object_ref="oval:ssg-obj_rhel_workstation:obj:1"/>
      <ns3:state state_ref="oval:ssg-state_rhel_workstation:ste:1"/>
    </ns3:rpminfo_test>
    <ns3:rpminfo_test check="all" check_existence="at_least_one_exists" comment="redhat-release-server is version 6" id="oval:ssg-test_rhel_server:tst:1" version="1">
      <ns3:object object_ref="oval:ssg-obj_rhel_server:obj:1"/>
      <ns3:state state_ref="oval:ssg-state_rhel_server:ste:1"/>
    </ns3:rpminfo_test>
    <ns3:rpminfo_test check="all" check_existence="at_least_one_exists" comment="redhat-release-computenode is version 6" id="oval:ssg-test_rhel_computenode:tst:1" version="1">
      <ns3:object object_ref="oval:ssg-obj_rhel_computenode:obj:1"/>
      <ns3:state state_ref="oval:ssg-state_rhel_computenode:ste:1"/>
    </ns3:rpminfo_test>
    <ns5:family_test check="all" check_existence="at_least_one_exists" comment="installed OS part of unix family" id="oval:ssg-test_rhel7_unix_family:tst:1" version="1">
      <ns5:object object_ref="oval:ssg-obj_rhel7_unix_family:obj:1"/>
      <ns5:state state_ref="oval:ssg-state_rhel7_unix_family:ste:1"/>
    </ns5:family_test>
    <ns3:rpminfo_test check="all" check_existence="at_least_one_exists" comment="redhat-release-client is version 7" id="oval:ssg-test_rhel7_client:tst:1" version="1">
      <ns3:object object_ref="oval:ssg-obj_rhel7_client:obj:1"/>
      <ns3:state state_ref="oval:ssg-state_rhel7_client:ste:1"/>
    </ns3:rpminfo_test>
    <ns3:rpminfo_test check="all" check_existence="at_least_one_exists" comment="redhat-release-workstation is version 7" id="oval:ssg-test_rhel7_workstation:tst:1" version="1">
      <ns3:object object_ref="oval:ssg-obj_rhel7_workstation:obj:1"/>
      <ns3:state state_ref="oval:ssg-state_rhel7_workstation:ste:1"/>
    </ns3:rpminfo_test>
    <ns3:rpminfo_test check="all" check_existence="at_least_one_exists" comment="redhat-release-server is version 7" id="oval:ssg-test_rhel7_server:tst:1" version="1">
      <ns3:object object_ref="oval:ssg-obj_rhel7_server:obj:1"/>
      <ns3:state state_ref="oval:ssg-state_rhel7_server:ste:1"/>
    </ns3:rpminfo_test>
    <ns3:rpminfo_test check="all" check_existence="at_least_one_exists" comment="redhat-release-computenode is version 7" id="oval:ssg-test_rhel7_computenode:tst:1" version="1">
      <ns3:object object_ref="oval:ssg-obj_rhel7_computenode:obj:1"/>
      <ns3:state state_ref="oval:ssg-state_rhel7_computenode:ste:1"/>
    </ns3:rpminfo_test>
    <ns3:rpminfo_test check="all" check_existence="only_one_exists" comment="redhat-release-virtualization-host RPM package is installed" id="oval:ssg-test_redhat_release_virtualization_host_rpm:tst:1" version="1">
      <ns3:object object_ref="oval:ssg-obj_redhat_release_virtualization_host_rpm:obj:1"/>
    </ns3:rpminfo_test>
    <ns5:textfilecontent54_test check="all" comment="RHEVH base RHEL is version 7" id="oval:ssg-test_rhev_rhel_version:tst:1" version="1">
      <ns5:object object_ref="oval:ssg-obj_rhevh_rhel_version:obj:1"/>
      <ns5:state state_ref="oval:ssg-state_rhevh_rhel_version:ste:1"/>
    </ns5:textfilecontent54_test>
    <ns5:family_test check="all" check_existence="at_least_one_exists" comment="installed OS part of unix family" id="oval:ssg-test_rhel8_unix_family:tst:1" version="1">
      <ns5:object object_ref="oval:ssg-obj_rhel8_unix_family:obj:1"/>
      <ns5:state state_ref="oval:ssg-state_rhel8_unix_family:ste:1"/>
    </ns5:family_test>
    <ns3:rpminfo_test check="all" check_existence="at_least_one_exists" comment="redhat-release is version 8" id="oval:ssg-test_rhel8:tst:1" version="1">
      <ns3:object object_ref="oval:ssg-obj_rhel8:obj:1"/>
      <ns3:state state_ref="oval:ssg-state_rhel8:ste:1"/>
    </ns3:rpminfo_test>
    <ns3:rpminfo_test check="all" check_existence="at_least_one_exists" comment="redhat-release-coreos is version 8" id="oval:ssg-test_rhel8_coreos:tst:1" version="1">
      <ns3:object object_ref="oval:ssg-obj_rhel8_coreos:obj:1"/>
      <ns3:state state_ref="oval:ssg-state_rhel8_coreos:ste:1"/>
    </ns3:rpminfo_test>
    <ns3:rpminfo_test check="all" check_existence="only_one_exists" comment="redhat-release-virtualization-host RPM package is installed" id="oval:ssg-test_rhvh4_version:tst:1" version="1">
      <ns3:object object_ref="oval:ssg-obj_rhvh4_version:obj:1"/>
      <ns3:state state_ref="oval:ssg-state_rhvh4_version:ste:1"/>
    </ns3:rpminfo_test>
    <ns5:textfilecontent54_test check="all" comment="RHEVH base RHEL is version 7" id="oval:ssg-test_rhelh4_version:tst:1" version="1">
      <ns5:object object_ref="oval:ssg-obj_rhelh4_version:obj:1"/>
      <ns5:state state_ref="oval:ssg-state_rhelh4_version:ste:1"/>
    </ns5:textfilecontent54_test>
    <ns3:rpminfo_test check="all" check_existence="at_least_one_exists" comment="sl-release is version 6" id="oval:ssg-test_sl6:tst:1" version="1">
      <ns3:object object_ref="oval:ssg-obj_sl6:obj:1"/>
      <ns3:state state_ref="oval:ssg-state_sl6:ste:1"/>
    </ns3:rpminfo_test>
    <ns3:rpminfo_test check="all" check_existence="at_least_one_exists" comment="sl-release is version 7" id="oval:ssg-test_sl7:tst:1" version="1">
      <ns3:object object_ref="oval:ssg-obj_sl7:obj:1"/>
      <ns3:state state_ref="oval:ssg-state_sl7:ste:1"/>
    </ns3:rpminfo_test>
    <ns5:family_test check="all" check_existence="at_least_one_exists" comment="installed OS part of unix family" id="oval:ssg-test_sle11_unix_family:tst:1" version="1">
      <ns5:object object_ref="oval:ssg-obj_sle11_unix_family:obj:1"/>
      <ns5:state state_ref="oval:ssg-state_sle11_unix_family:ste:1"/>
    </ns5:family_test>
    <ns3:rpminfo_test check="all" check_existence="at_least_one_exists" comment="sled-release is version 6" id="oval:ssg-test_sle11_desktop:tst:1" version="1">
      <ns3:object object_ref="oval:ssg-obj_sle11_desktop:obj:1"/>
      <ns3:state state_ref="oval:ssg-state_sle11_desktop:ste:1"/>
    </ns3:rpminfo_test>
    <ns3:rpminfo_test check="all" check_existence="at_least_one_exists" comment="sles-release is version 6" id="oval:ssg-test_sle11_server:tst:1" version="1">
      <ns3:object object_ref="oval:ssg-obj_sle11_server:obj:1"/>
      <ns3:state state_ref="oval:ssg-state_sle11_server:ste:1"/>
    </ns3:rpminfo_test>
    <ns5:family_test check="all" check_existence="at_least_one_exists" comment="installed OS part of unix family" id="oval:ssg-test_sle12_unix_family:tst:1" version="1">
      <ns5:object object_ref="oval:ssg-obj_sle12_unix_family:obj:1"/>
      <ns5:state state_ref="oval:ssg-state_sle12_unix_family:ste:1"/>
    </ns5:family_test>
    <ns3:rpminfo_test check="all" check_existence="at_least_one_exists" comment="sled-release is version 6" id="oval:ssg-test_sle12_desktop:tst:1" version="1">
      <ns3:object object_ref="oval:ssg-obj_sle12_desktop:obj:1"/>
      <ns3:state state_ref="oval:ssg-state_sle12_desktop:ste:1"/>
    </ns3:rpminfo_test>
    <ns3:rpminfo_test check="all" check_existence="at_least_one_exists" comment="sles-release is version 6" id="oval:ssg-test_sle12_server:tst:1" version="1">
      <ns3:object object_ref="oval:ssg-obj_sle12_server:obj:1"/>
      <ns3:state state_ref="oval:ssg-state_sle12_server:ste:1"/>
    </ns3:rpminfo_test>
    <ns4:file_test check="all" check_existence="all_exist" comment="/etc/lsb-release exists" id="oval:ssg-test_lsb:tst:1" version="1">
      <ns4:object object_ref="oval:ssg-obj_lsb:obj:1"/>
    </ns4:file_test>
    <ns5:textfilecontent54_test check="all" check_existence="at_least_one_exists" comment="Check Ubuntu" id="oval:ssg-test_ubuntu:tst:1" version="1">
      <ns5:object object_ref="oval:ssg-obj_ubuntu:obj:1"/>
    </ns5:textfilecontent54_test>
    <ns5:textfilecontent54_test check="all" check_existence="at_least_one_exists" comment="Check Ubuntu version" id="oval:ssg-test_ubuntu_trusty:tst:1" version="1">
      <ns5:object object_ref="oval:ssg-obj_ubuntu_trusty:obj:1"/>
    </ns5:textfilecontent54_test>
    <ns5:textfilecontent54_test check="all" check_existence="at_least_one_exists" comment="Check Ubuntu version" id="oval:ssg-test_ubuntu_xenial:tst:1" version="1">
      <ns5:object object_ref="oval:ssg-obj_ubuntu_xenial:obj:1"/>
    </ns5:textfilecontent54_test>
    <ns5:textfilecontent54_test check="all" check_existence="at_least_one_exists" comment="Check Ubuntu version" id="oval:ssg-test_ubuntu_bionic:tst:1" version="1">
      <ns5:object object_ref="oval:ssg-obj_ubuntu_bionic:obj:1"/>
    </ns5:textfilecontent54_test>
    <ns5:family_test check="all" check_existence="at_least_one_exists" comment="installed OS part of unix family" id="oval:ssg-test_unix_wrlinux1019:tst:1" version="1">
      <ns5:object object_ref="oval:ssg-obj_unix_wrlinux1019:obj:1"/>
      <ns5:state state_ref="oval:ssg-state_unix_wrlinux1019:ste:1"/>
    </ns5:family_test>
    <ns5:textfilecontent54_test check="all" check_existence="at_least_one_exists" comment="Check WRLinux10.19 version" id="oval:ssg-test_wrlinux1019_name:tst:1" version="1">
      <ns5:object object_ref="oval:ssg-obj_name_wrlinux1019:obj:1"/>
    </ns5:textfilecontent54_test>
    <ns5:textfilecontent54_test check="all" check_existence="at_least_one_exists" comment="Check WRLinux10.19 version" id="oval:ssg-test_wrlinux1019_version:tst:1" version="1">
      <ns5:object object_ref="oval:ssg-obj_version_wrlinux1019:obj:1"/>
    </ns5:textfilecontent54_test>
    <ns5:family_test check="all" check_existence="at_least_one_exists" comment="installed OS part of unix family" id="oval:ssg-test_unix_wrlinux8:tst:1" version="1">
      <ns5:object object_ref="oval:ssg-obj_unix_wrlinux8:obj:1"/>
      <ns5:state state_ref="oval:ssg-state_unix_wrlinux8:ste:1"/>
    </ns5:family_test>
    <ns5:textfilecontent54_test check="all" check_existence="at_least_one_exists" comment="Check WRLinux8 version" id="oval:ssg-test_wrlinux8_version:tst:1" version="1">
      <ns5:object object_ref="oval:ssg-obj_version_wrlinux8:obj:1"/>
    </ns5:textfilecontent54_test>
    <ns3:rpminfo_test check="all" check_existence="at_least_one_exists" comment="atomic-openshift is version 3" id="oval:ssg-test_ocp3_atomic:tst:1" version="1">
      <ns3:object object_ref="oval:ssg-obj_ocp3_atomic:obj:1"/>
      <ns3:state state_ref="oval:ssg-state_ocp3_atomic:ste:1"/>
    </ns3:rpminfo_test>
    <ns3:rpminfo_test check="all" check_existence="at_least_one_exists" comment="atomic-openshift-node is version 3" id="oval:ssg-test_ocp3_node:tst:1" version="1">
      <ns3:object object_ref="oval:ssg-obj_ocp3_node:obj:1"/>
      <ns3:state state_ref="oval:ssg-state_ocp3_node:ste:1"/>
    </ns3:rpminfo_test>
    <ns3:rpminfo_test check="all" check_existence="at_least_one_exists" comment="atomic-openshift-hyperkube is version 3" id="oval:ssg-test_ocp3_hyperkube:tst:1" version="1">
      <ns3:object object_ref="oval:ssg-obj_ocp3_hyperkube:obj:1"/>
      <ns3:state state_ref="oval:ssg-state_ocp3_hyperkube:ste:1"/>
    </ns3:rpminfo_test>
    <ns3:rpminfo_test check="all" check_existence="at_least_one_exists" comment="atomic-openshift-node is version 4" id="oval:ssg-test_ocp4_node:tst:1" version="1">
      <ns3:object object_ref="oval:ssg-obj_ocp4_node:obj:1"/>
      <ns3:state state_ref="oval:ssg-state_ocp4_node:ste:1"/>
    </ns3:rpminfo_test>
    <ns3:rpminfo_test check="all" check_existence="at_least_one_exists" comment="OpenStack is version 13" id="oval:ssg-test_rhosp13_release:tst:1" version="1">
      <ns3:object object_ref="oval:ssg-obj_rhosp13_release:obj:1"/>
      <ns3:state state_ref="oval:ssg-state_rhosp13_release:ste:1"/>
    </ns3:rpminfo_test>
    <ns3:rpminfo_test check="all" check_existence="at_least_one_exists" comment="rhevm4-appliance is installed" id="oval:ssg-test_rhevm4_version:tst:1" version="1">
      <ns3:object object_ref="oval:ssg-obj_rhevm4_version:obj:1"/>
      <ns3:state state_ref="oval:ssg-state_rhevm4_version:ste:1"/>
    </ns3:rpminfo_test>
    <ns3:dpkginfo_test check="all" check_existence="all_exist" comment="system has package gdm installed" id="oval:ssg-test_env_has_gdm_installed:tst:1" version="1">
      <ns3:object object_ref="oval:ssg-obj_env_has_gdm_installed:obj:1"/>
    </ns3:dpkginfo_test>
    <ns3:dpkginfo_test check="all" check_existence="all_exist" comment="system has package libuser installed" id="oval:ssg-test_env_has_libuser_installed:tst:1" version="1">
      <ns3:object object_ref="oval:ssg-obj_env_has_libuser_installed:obj:1"/>
    </ns3:dpkginfo_test>
    <ns3:dpkginfo_test check="all" check_existence="all_exist" comment="system has package nss-pam-ldapd installed" id="oval:ssg-test_env_has_nss-pam-ldapd_installed:tst:1" version="1">
      <ns3:object object_ref="oval:ssg-obj_env_has_nss-pam-ldapd_installed:obj:1"/>
    </ns3:dpkginfo_test>
    <ns3:dpkginfo_test check="all" check_existence="all_exist" comment="system has package pam installed" id="oval:ssg-test_env_has_pam_installed:tst:1" version="1">
      <ns3:object object_ref="oval:ssg-obj_env_has_pam_installed:obj:1"/>
    </ns3:dpkginfo_test>
    <ns3:dpkginfo_test check="all" check_existence="all_exist" comment="system has package shadow-utils installed" id="oval:ssg-test_env_has_shadow-utils_installed:tst:1" version="1">
      <ns3:object object_ref="oval:ssg-obj_env_has_shadow-utils_installed:obj:1"/>
    </ns3:dpkginfo_test>
    <ns3:dpkginfo_test check="all" check_existence="all_exist" comment="system has package sssd-common installed" id="oval:ssg-test_env_has_sssd-common_installed:tst:1" version="1">
      <ns3:object object_ref="oval:ssg-obj_env_has_sssd-common_installed:obj:1"/>
    </ns3:dpkginfo_test>
    <ns3:dpkginfo_test check="all" check_existence="all_exist" comment="system has package systemd installed" id="oval:ssg-test_env_has_systemd_installed:tst:1" version="1">
      <ns3:object object_ref="oval:ssg-obj_env_has_systemd_installed:obj:1"/>
    </ns3:dpkginfo_test>
    <ns3:dpkginfo_test check="all" check_existence="all_exist" comment="system has package yum installed" id="oval:ssg-test_env_has_yum_installed:tst:1" version="1">
      <ns3:object object_ref="oval:ssg-obj_env_has_yum_installed:obj:1"/>
    </ns3:dpkginfo_test>
    <ns4:file_test check="all" check_existence="all_exist" comment="Check if /.dockerenv exists" id="oval:ssg-test_installed_env_is_a_docker_container:tst:1" version="1">
      <ns4:object object_ref="oval:ssg-object_installed_env_is_a_docker_container:obj:1"/>
    </ns4:file_test>
    <ns4:file_test check="all" check_existence="all_exist" comment="Check if /run/.containerenv exists" id="oval:ssg-test_installed_env_is_a_podman_container:tst:1" version="1">
      <ns4:object object_ref="oval:ssg-object_installed_env_is_a_podman_container:obj:1"/>
    </ns4:file_test>
  </ns0:tests>
  <ns0:objects>
    <ns3:rpminfo_object id="oval:ssg-obj_centos6:obj:1" version="1">
      <ns3:name>centos-release</ns3:name>
    </ns3:rpminfo_object>
    <ns3:rpminfo_object id="oval:ssg-obj_centos7:obj:1" version="1">
      <ns3:name>centos-release</ns3:name>
    </ns3:rpminfo_object>
    <ns3:rpminfo_object id="oval:ssg-obj_centos8:obj:1" version="1">
      <ns3:name>centos-release</ns3:name>
    </ns3:rpminfo_object>
    <ns4:file_object comment="check /etc/debian_version file" id="oval:ssg-obj_debian:obj:1" version="1">
      <ns4:filepath>/etc/debian_version</ns4:filepath>
    </ns4:file_object>
    <ns5:textfilecontent54_object comment="Check Debian version" id="oval:ssg-obj_debian_8:obj:1" version="1">
      <ns5:filepath>/etc/debian_version</ns5:filepath>
      <ns5:pattern operation="pattern match">^8.[0-9]+$</ns5:pattern>
      <ns5:instance datatype="int">1</ns5:instance>
    </ns5:textfilecontent54_object>
    <ns5:textfilecontent54_object comment="Check Debian version" id="oval:ssg-obj_debian_9:obj:1" version="1">
      <ns5:filepath>/etc/debian_version</ns5:filepath>
      <ns5:pattern operation="pattern match">^9.[0-9]+$</ns5:pattern>
      <ns5:instance datatype="int">1</ns5:instance>
    </ns5:textfilecontent54_object>
    <ns3:rpminfo_object id="oval:ssg-object_fedora_release_rpm:obj:1" version="1">
      <ns3:name operation="pattern match">fedora-release.*</ns3:name>
    </ns3:rpminfo_object>
    <ns5:textfilecontent54_object id="oval:ssg-object_fedora_vendor_product:obj:1" version="1">
      <ns5:filepath>/etc/system-release-cpe</ns5:filepath>
      <ns5:pattern operation="pattern match">^cpe:\/o:fedoraproject:fedora:[\d]+$</ns5:pattern>
      <ns5:instance datatype="int" operation="equals">1</ns5:instance>
    </ns5:textfilecontent54_object>
    <ns3:rpminfo_object id="oval:ssg-obj_ol6_system:obj:1" version="1">
      <ns3:name>oraclelinux-release</ns3:name>
    </ns3:rpminfo_object>
    <ns3:rpminfo_object id="oval:ssg-obj_ol7_system:obj:1" version="1">
      <ns3:name>oraclelinux-release</ns3:name>
    </ns3:rpminfo_object>
    <ns3:rpminfo_object id="oval:ssg-obj_ol8_system:obj:1" version="1">
      <ns3:name>oraclelinux-release</ns3:name>
    </ns3:rpminfo_object>
    <ns3:rpminfo_object id="oval:ssg-obj_opensuse_installed:obj:1" version="1">
      <ns3:name>openSUSE-release</ns3:name>
    </ns3:rpminfo_object>
    <ns3:rpminfo_object id="oval:ssg-obj_opensuse_leap15_installed:obj:1" version="1">
      <ns3:name>openSUSE-release</ns3:name>
    </ns3:rpminfo_object>
    <ns3:rpminfo_object id="oval:ssg-obj_opensuse_leap42_installed:obj:1" version="1">
      <ns3:name>openSUSE-release</ns3:name>
    </ns3:rpminfo_object>
    <ns5:family_object id="oval:ssg-object_unix_family:obj:1" version="1"/>
    <ns3:rpminfo_object id="oval:ssg-obj_rhel_client:obj:1" version="1">
      <ns3:name>redhat-release-client</ns3:name>
    </ns3:rpminfo_object>
    <ns3:rpminfo_object id="oval:ssg-obj_rhel_workstation:obj:1" version="1">
      <ns3:name>redhat-release-workstation</ns3:name>
    </ns3:rpminfo_object>
    <ns3:rpminfo_object id="oval:ssg-obj_rhel_server:obj:1" version="1">
      <ns3:name>redhat-release-server</ns3:name>
    </ns3:rpminfo_object>
    <ns3:rpminfo_object id="oval:ssg-obj_rhel_computenode:obj:1" version="1">
      <ns3:name>redhat-release-computenode</ns3:name>
    </ns3:rpminfo_object>
    <ns5:family_object id="oval:ssg-obj_rhel7_unix_family:obj:1" version="1"/>
    <ns3:rpminfo_object id="oval:ssg-obj_rhel7_client:obj:1" version="1">
      <ns3:name>redhat-release-client</ns3:name>
    </ns3:rpminfo_object>
    <ns3:rpminfo_object id="oval:ssg-obj_rhel7_workstation:obj:1" version="1">
      <ns3:name>redhat-release-workstation</ns3:name>
    </ns3:rpminfo_object>
    <ns3:rpminfo_object id="oval:ssg-obj_rhel7_server:obj:1" version="1">
      <ns3:name>redhat-release-server</ns3:name>
    </ns3:rpminfo_object>
    <ns3:rpminfo_object id="oval:ssg-obj_rhel7_computenode:obj:1" version="1">
      <ns3:name>redhat-release-computenode</ns3:name>
    </ns3:rpminfo_object>
    <ns3:rpminfo_object id="oval:ssg-obj_redhat_release_virtualization_host_rpm:obj:1" version="1">
      <ns3:name>redhat-release-virtualization-host</ns3:name>
    </ns3:rpminfo_object>
    <ns5:textfilecontent54_object id="oval:ssg-obj_rhevh_rhel_version:obj:1" version="1">
      <ns5:filepath>/etc/redhat-release</ns5:filepath>
      <ns5:pattern operation="pattern match">^Red Hat Enterprise Linux release (\d)\.\d+$</ns5:pattern>
      <ns5:instance datatype="int" operation="greater than or equal">1</ns5:instance>
    </ns5:textfilecontent54_object>
    <ns5:family_object id="oval:ssg-obj_rhel8_unix_family:obj:1" version="1"/>
    <ns3:rpminfo_object id="oval:ssg-obj_rhel8:obj:1" version="1">
      <ns3:name>redhat-release</ns3:name>
    </ns3:rpminfo_object>
    <ns3:rpminfo_object id="oval:ssg-obj_rhel8_coreos:obj:1" version="1">
      <ns3:name>redhat-release-coreos</ns3:name>
    </ns3:rpminfo_object>
    <ns3:rpminfo_object id="oval:ssg-obj_rhvh4_version:obj:1" version="1">
      <ns3:name>redhat-release-virtualization-host</ns3:name>
    </ns3:rpminfo_object>
    <ns5:textfilecontent54_object id="oval:ssg-obj_rhelh4_version:obj:1" version="1">
      <ns5:filepath>/etc/redhat-release</ns5:filepath>
      <ns5:pattern operation="pattern match">^Red Hat Enterprise Linux release (\d)\.\d+$</ns5:pattern>
      <ns5:instance datatype="int" operation="greater than or equal">1</ns5:instance>
    </ns5:textfilecontent54_object>
    <ns3:rpminfo_object id="oval:ssg-obj_sl6:obj:1" version="1">
      <ns3:name>sl-release</ns3:name>
    </ns3:rpminfo_object>
    <ns3:rpminfo_object id="oval:ssg-obj_sl7:obj:1" version="1">
      <ns3:name>sl-release</ns3:name>
    </ns3:rpminfo_object>
    <ns5:family_object id="oval:ssg-obj_sle11_unix_family:obj:1" version="1"/>
    <ns3:rpminfo_object id="oval:ssg-obj_sle11_desktop:obj:1" version="1">
      <ns3:name>sled-release</ns3:name>
    </ns3:rpminfo_object>
    <ns3:rpminfo_object id="oval:ssg-obj_sle11_server:obj:1" version="1">
      <ns3:name>sles-release</ns3:name>
    </ns3:rpminfo_object>
    <ns5:family_object id="oval:ssg-obj_sle12_unix_family:obj:1" version="1"/>
    <ns3:rpminfo_object id="oval:ssg-obj_sle12_desktop:obj:1" version="1">
      <ns3:name>sled-release</ns3:name>
    </ns3:rpminfo_object>
    <ns3:rpminfo_object id="oval:ssg-obj_sle12_server:obj:1" version="1">
      <ns3:name>sles-release</ns3:name>
    </ns3:rpminfo_object>
    <ns4:file_object comment="check /etc/lsb-release file" id="oval:ssg-obj_lsb:obj:1" version="1">
      <ns4:filepath>/etc/lsb-release</ns4:filepath>
    </ns4:file_object>
    <ns5:textfilecontent54_object comment="Check Ubuntu" id="oval:ssg-obj_ubuntu:obj:1" version="1">
      <ns5:filepath>/etc/lsb-release</ns5:filepath>
      <ns5:pattern operation="pattern match">^DISTRIB_ID=Ubuntu$</ns5:pattern>
      <ns5:instance datatype="int">1</ns5:instance>
    </ns5:textfilecontent54_object>
    <ns5:textfilecontent54_object comment="Check Ubuntu version" id="oval:ssg-obj_ubuntu_trusty:obj:1" version="1">
      <ns5:filepath>/etc/lsb-release</ns5:filepath>
      <ns5:pattern operation="pattern match">^DISTRIB_CODENAME=trusty$</ns5:pattern>
      <ns5:instance datatype="int">1</ns5:instance>
    </ns5:textfilecontent54_object>
    <ns5:textfilecontent54_object comment="Check Ubuntu version" id="oval:ssg-obj_ubuntu_xenial:obj:1" version="1">
      <ns5:filepath>/etc/lsb-release</ns5:filepath>
      <ns5:pattern operation="pattern match">^DISTRIB_CODENAME=xenial$</ns5:pattern>
      <ns5:instance datatype="int">1</ns5:instance>
    </ns5:textfilecontent54_object>
    <ns5:textfilecontent54_object comment="Check Ubuntu version" id="oval:ssg-obj_ubuntu_bionic:obj:1" version="1">
      <ns5:filepath>/etc/lsb-release</ns5:filepath>
      <ns5:pattern operation="pattern match">^DISTRIB_CODENAME=bionic$</ns5:pattern>
      <ns5:instance datatype="int">1</ns5:instance>
    </ns5:textfilecontent54_object>
    <ns5:family_object id="oval:ssg-obj_unix_wrlinux1019:obj:1" version="1"/>
    <ns5:textfilecontent54_object comment="Check WRLinux1019 produce name" id="oval:ssg-obj_name_wrlinux1019:obj:1" version="1">
      <ns5:filepath>/etc/os-release</ns5:filepath>
      <ns5:pattern operation="pattern match">^NAME=.Wind[\s]+River[\s]+Linux.*$</ns5:pattern>
      <ns5:instance datatype="int">1</ns5:instance>
    </ns5:textfilecontent54_object>
    <ns5:textfilecontent54_object comment="Check WRLinux1019 version" id="oval:ssg-obj_version_wrlinux1019:obj:1" version="1">
      <ns5:filepath>/etc/os-release</ns5:filepath>
      <ns5:pattern operation="pattern match">^VERSION=.10\.19.*$</ns5:pattern>
      <ns5:instance datatype="int">1</ns5:instance>
    </ns5:textfilecontent54_object>
    <ns5:family_object id="oval:ssg-obj_unix_wrlinux8:obj:1" version="1"/>
    <ns5:textfilecontent54_object comment="Check WRLinux8 version" id="oval:ssg-obj_version_wrlinux8:obj:1" version="1">
      <ns5:filepath>/etc/wrlinux-release</ns5:filepath>
      <ns5:pattern operation="pattern match">^VERSION=.8\.0.*$</ns5:pattern>
      <ns5:instance datatype="int">1</ns5:instance>
    </ns5:textfilecontent54_object>
    <ns3:rpminfo_object id="oval:ssg-obj_ocp3_atomic:obj:1" version="1">
      <ns3:name>atomic-openshift</ns3:name>
    </ns3:rpminfo_object>
    <ns3:rpminfo_object id="oval:ssg-obj_ocp3_node:obj:1" version="1">
      <ns3:name>atomic-openshift-node</ns3:name>
    </ns3:rpminfo_object>
    <ns3:rpminfo_object id="oval:ssg-obj_ocp3_hyperkube:obj:1" version="1">
      <ns3:name>atomic-openshift-hyperkube</ns3:name>
    </ns3:rpminfo_object>
    <ns3:rpminfo_object id="oval:ssg-obj_ocp4_node:obj:1" version="1">
      <ns3:name>atomic-openshift-node</ns3:name>
    </ns3:rpminfo_object>
    <ns3:rpminfo_object id="oval:ssg-obj_rhosp13_release:obj:1" version="1">
      <ns3:name>rhosp-release</ns3:name>
    </ns3:rpminfo_object>
    <ns3:rpminfo_object id="oval:ssg-obj_rhevm4_version:obj:1" version="1">
      <ns3:name>rhvm-appliance</ns3:name>
    </ns3:rpminfo_object>
    <ns3:dpkginfo_object id="oval:ssg-obj_env_has_gdm_installed:obj:1" version="1">
      <ns3:name>gdm</ns3:name>
    </ns3:dpkginfo_object>
    <ns3:dpkginfo_object id="oval:ssg-obj_env_has_libuser_installed:obj:1" version="1">
      <ns3:name>libuser</ns3:name>
    </ns3:dpkginfo_object>
    <ns3:dpkginfo_object id="oval:ssg-obj_env_has_nss-pam-ldapd_installed:obj:1" version="1">
      <ns3:name>nss-pam-ldapd</ns3:name>
    </ns3:dpkginfo_object>
    <ns3:dpkginfo_object id="oval:ssg-obj_env_has_pam_installed:obj:1" version="1">
      <ns3:name>pam</ns3:name>
    </ns3:dpkginfo_object>
    <ns3:dpkginfo_object id="oval:ssg-obj_env_has_shadow-utils_installed:obj:1" version="1">
      <ns3:name>shadow-utils</ns3:name>
    </ns3:dpkginfo_object>
    <ns3:dpkginfo_object id="oval:ssg-obj_env_has_sssd-common_installed:obj:1" version="1">
      <ns3:name>sssd-common</ns3:name>
    </ns3:dpkginfo_object>
    <ns3:dpkginfo_object id="oval:ssg-obj_env_has_systemd_installed:obj:1" version="1">
      <ns3:name>systemd</ns3:name>
    </ns3:dpkginfo_object>
    <ns3:dpkginfo_object id="oval:ssg-obj_env_has_yum_installed:obj:1" version="1">
      <ns3:name>yum</ns3:name>
    </ns3:dpkginfo_object>
    <ns4:file_object comment="Check file /.dockerenv" id="oval:ssg-object_installed_env_is_a_docker_container:obj:1" version="1">
      <ns4:filepath datatype="string">/.dockerenv</ns4:filepath>
    </ns4:file_object>
    <ns4:file_object comment="Check file /run/.containerenv" id="oval:ssg-object_installed_env_is_a_podman_container:obj:1" version="1">
      <ns4:filepath datatype="string">/run/.containerenv</ns4:filepath>
    </ns4:file_object>
  </ns0:objects>
  <ns0:states>
    <ns3:rpminfo_state id="oval:ssg-state_centos6:ste:1" version="1">
      <ns3:version operation="pattern match">^6.*$</ns3:version>
    </ns3:rpminfo_state>
    <ns3:rpminfo_state id="oval:ssg-state_centos7:ste:1" version="1">
      <ns3:version operation="pattern match">^7.*$</ns3:version>
    </ns3:rpminfo_state>
    <ns3:rpminfo_state id="oval:ssg-state_centos8:ste:1" version="1">
      <ns3:version operation="pattern match">^8.*$</ns3:version>
    </ns3:rpminfo_state>
    <ns3:rpminfo_state id="oval:ssg-state_ol6_system:ste:1" version="1">
      <ns3:version operation="pattern match">^6Server$</ns3:version>
    </ns3:rpminfo_state>
    <ns3:rpminfo_state id="oval:ssg-state_ol7_system:ste:1" version="1">
      <ns3:version operation="pattern match">^7.*$</ns3:version>
    </ns3:rpminfo_state>
    <ns3:rpminfo_state id="oval:ssg-state_ol8_system:ste:1" version="1">
      <ns3:version operation="pattern match">^8.*$</ns3:version>
    </ns3:rpminfo_state>
    <ns3:rpminfo_state id="oval:ssg-state_opensuse_installed:ste:1" version="1">
      <ns3:name operation="pattern match">openSUSE-release</ns3:name>
    </ns3:rpminfo_state>
    <ns3:rpminfo_state id="oval:ssg-state_opensuse_leap15_installed:ste:1" version="1">
      <ns3:version operation="pattern match">^15.*$</ns3:version>
    </ns3:rpminfo_state>
    <ns3:rpminfo_state id="oval:ssg-state_opensuse_leap42_installed:ste:1" version="1">
      <ns3:version operation="pattern match">^42.*$</ns3:version>
    </ns3:rpminfo_state>
    <ns5:family_state id="oval:ssg-state_unix_family:ste:1" version="1">
      <ns5:family>unix</ns5:family>
    </ns5:family_state>
    <ns3:rpminfo_state id="oval:ssg-state_rhel_client:ste:1" version="1">
      <ns3:version operation="pattern match">^6.*$</ns3:version>
    </ns3:rpminfo_state>
    <ns3:rpminfo_state id="oval:ssg-state_rhel_workstation:ste:1" version="1">
      <ns3:version operation="pattern match">^6.*$</ns3:version>
    </ns3:rpminfo_state>
    <ns3:rpminfo_state id="oval:ssg-state_rhel_server:ste:1" version="1">
      <ns3:version operation="pattern match">^6.*$</ns3:version>
    </ns3:rpminfo_state>
    <ns3:rpminfo_state id="oval:ssg-state_rhel_computenode:ste:1" version="1">
      <ns3:version operation="pattern match">^6.*$</ns3:version>
    </ns3:rpminfo_state>
    <ns5:family_state id="oval:ssg-state_rhel7_unix_family:ste:1" version="1">
      <ns5:family>unix</ns5:family>
    </ns5:family_state>
    <ns3:rpminfo_state id="oval:ssg-state_rhel7_client:ste:1" version="1">
      <ns3:version operation="pattern match">^7.*$</ns3:version>
    </ns3:rpminfo_state>
    <ns3:rpminfo_state id="oval:ssg-state_rhel7_workstation:ste:1" version="1">
      <ns3:version operation="pattern match">^7.*$</ns3:version>
    </ns3:rpminfo_state>
    <ns3:rpminfo_state id="oval:ssg-state_rhel7_server:ste:1" version="1">
      <ns3:version operation="pattern match">^7.*$</ns3:version>
    </ns3:rpminfo_state>
    <ns3:rpminfo_state id="oval:ssg-state_rhel7_computenode:ste:1" version="1">
      <ns3:version operation="pattern match">^7.*$</ns3:version>
    </ns3:rpminfo_state>
    <ns5:textfilecontent54_state id="oval:ssg-state_rhevh_rhel_version:ste:1" version="1">
      <ns5:subexpression operation="pattern match">7</ns5:subexpression>
    </ns5:textfilecontent54_state>
    <ns5:family_state id="oval:ssg-state_rhel8_unix_family:ste:1" version="1">
      <ns5:family>unix</ns5:family>
    </ns5:family_state>
    <ns3:rpminfo_state id="oval:ssg-state_rhel8:ste:1" version="1">
      <ns3:version operation="pattern match">^8.*$</ns3:version>
    </ns3:rpminfo_state>
    <ns3:rpminfo_state id="oval:ssg-state_rhel8_coreos:ste:1" version="1">
      <ns3:version operation="pattern match">^[0-9\.]*8.*$</ns3:version>
    </ns3:rpminfo_state>
    <ns3:rpminfo_state id="oval:ssg-state_rhvh4_version:ste:1" version="1">
      <ns3:version operation="pattern match">^4.*$</ns3:version>
    </ns3:rpminfo_state>
    <ns5:textfilecontent54_state id="oval:ssg-state_rhelh4_version:ste:1" version="1">
      <ns5:subexpression operation="pattern match">7</ns5:subexpression>
    </ns5:textfilecontent54_state>
    <ns3:rpminfo_state id="oval:ssg-state_sl6:ste:1" version="1">
      <ns3:version operation="pattern match">^6.*$</ns3:version>
    </ns3:rpminfo_state>
    <ns3:rpminfo_state id="oval:ssg-state_sl7:ste:1" version="1">
      <ns3:version operation="pattern match">^7.*$</ns3:version>
    </ns3:rpminfo_state>
    <ns5:family_state id="oval:ssg-state_sle11_unix_family:ste:1" version="1">
      <ns5:family>unix</ns5:family>
    </ns5:family_state>
    <ns3:rpminfo_state id="oval:ssg-state_sle11_desktop:ste:1" version="1">
      <ns3:version operation="pattern match">^11.*$</ns3:version>
    </ns3:rpminfo_state>
    <ns3:rpminfo_state id="oval:ssg-state_sle11_server:ste:1" version="1">
      <ns3:version operation="pattern match">^11.*$</ns3:version>
    </ns3:rpminfo_state>
    <ns5:family_state id="oval:ssg-state_sle12_unix_family:ste:1" version="1">
      <ns5:family>unix</ns5:family>
    </ns5:family_state>
    <ns3:rpminfo_state id="oval:ssg-state_sle12_desktop:ste:1" version="1">
      <ns3:version operation="pattern match">^12.*$</ns3:version>
    </ns3:rpminfo_state>
    <ns3:rpminfo_state id="oval:ssg-state_sle12_server:ste:1" version="1">
      <ns3:version operation="pattern match">^12.*$</ns3:version>
    </ns3:rpminfo_state>
    <ns5:family_state id="oval:ssg-state_unix_wrlinux1019:ste:1" version="1">
      <ns5:family>unix</ns5:family>
    </ns5:family_state>
    <ns5:family_state id="oval:ssg-state_unix_wrlinux8:ste:1" version="1">
      <ns5:family>unix</ns5:family>
    </ns5:family_state>
    <ns3:rpminfo_state id="oval:ssg-state_ocp3_atomic:ste:1" version="1">
      <ns3:version operation="pattern match">^3.*$</ns3:version>
    </ns3:rpminfo_state>
    <ns3:rpminfo_state id="oval:ssg-state_ocp3_node:ste:1" version="1">
      <ns3:version operation="pattern match">^3.*$</ns3:version>
    </ns3:rpminfo_state>
    <ns3:rpminfo_state id="oval:ssg-state_ocp3_hyperkube:ste:1" version="1">
      <ns3:version operation="pattern match">^3.*$</ns3:version>
    </ns3:rpminfo_state>
    <ns3:rpminfo_state id="oval:ssg-state_ocp4_node:ste:1" version="1">
      <ns3:version operation="pattern match">^4.*$</ns3:version>
    </ns3:rpminfo_state>
    <ns3:rpminfo_state id="oval:ssg-state_rhosp13_release:ste:1" version="1">
      <ns3:version operation="pattern match">^13.*$</ns3:version>
    </ns3:rpminfo_state>
    <ns3:rpminfo_state id="oval:ssg-state_rhevm4_version:ste:1" version="1">
      <ns3:version operation="pattern match">^4.*$</ns3:version>
    </ns3:rpminfo_state>
  </ns0:states>
</ns0:oval_definitions>
